廠商名稱,材料名稱,品號,平均單位重量(Kg)
上藝工業,黑色MYLAR(緩衝墊) 830*830*0.188mm 雙背Adhesive+PET,Z3001-00016,0.413
大格化學,S606B 1KG/罐 白色,41007-0000501,20
川得科技,CLMA類筆輸入大型顯示器,Z9999-00001,2.5
,PT100感溫棒 -材質SUS304,Z9999-00001,0.5
中央炭素,銅粉柱模具 AMD,26101-0000101,0.058
中茂儀器,委外三點抗彎測試(IHS板 厚度0.1mm),Z9999-00001,1
,鹽水噴霧試驗機 MXTSH-160,Z9999-00001,200
元傑,夾具A(鋁硬陽)10x20x20mm,Z9999-00001,0.012
,夾具B(鋁硬陽)10x40x40mm(文武各1),Z9999-00001,0.044
,"送料板(PP本色,6x820x1030mm)",Z9999-00001,6.08
,"裁切板(透明PC,6x820x820mm)",Z9999-00001,4.84
,橘色電木板 900x425x10mm,Z9999-00001,5.74
化合企業,KOJIMA 試藥級氯化鈉500克,Z9999-00001,0.5
,丙酮 20L/桶(15.8Kg),24001-0000901,15.8
,酒精 95%(乙醇),Z6001-00012,0.8
友順,紅外線測溫器CTlaser 4ML,Z9999-00001,1.02
天鋼,橫式三屜工作桌(WBT-5203F),Z9999-00001,58
以泰國際,客製化金屬名片夾,Z9999-00001,0.06
,客製化-時尚玻璃咖啡杯(透明),Z9999-00001,0.267
,客製化-時尚玻璃咖啡杯(黑),Z9999-00001,0.267
,費用客製化-皮革鑰匙扣傳輸充電線,Z9999-00001,0.025
台灣安捷倫,Agilent GCMS 5977C Inert Plus system,Z9999-00001,161
台灣奈米,核子級超純水精製濾心 UF-918,Z9999-00001,2
,純水設備水質檢測器-電極組C-0104,Z9999-00001,1.5
,純水設備水質檢測器-顯示表頭EC-410,Z9999-00001,0.3
,濾芯10吋濾心PP5微米,Z9999-00001,0.23
台灣基恩斯,表面3D輪廓量測儀 量測頭(高階機種)VR-200,Z9999-00001,45
台灣華測,檢測費-比熱容 ISO 11357-4或ASTM E 1269-11(TG-N8000),Z9999-00001,0.5
禾友企業,大紙芯 袋標(銅版貼紙75*50mm),Z1001-00016,110.40000000000002
,大紙芯 箱標(大)(銅版貼紙100*100mm),Z1001-00018,15.8
,禾友箱標(銅版貼紙100*60mm),Z1001-00017,36
,條碼機G-530+外掛紙架,Z9999-00001,4.1
,碳帶11CM*300M (禾友),Z1001-00001,36
,標籤紙樣品,Z9999-00001,0.6
立璽,O-Ring,Z9999-00001,0.41
,不銹鋼針頭,Z6001-00010,0.26
,活塞,Z6001-00008,1.1
,針筒,Z6001-00006,12
,針筒上蓋,Z6001-00009,2.1
,針頭蓋,Z6001-00007,0.74
,斜式針頭,Z6001-00011,0.22
亦聲電子,充氣片4016L 50M*400*160.0mm,21007-0000801,1
全華精密,達因筆,Z9999-00001,0.026
同享氣體,WITT KM100-2混合機-2種氣體,Z9999-00001,14.5
好欣有限公司,A4電腦標籤貼紙(龍德 LD-800-W-C),Z9999-00001,0.22
,KEYWAY(K035)強固型收納整理箱31L,Z9999-00001,1.86
,人造合成乳膠手套,Z6001-00001,0.6443333333333333
如利企業,HEATSINK 15.4*13.75*8.35mm 陽極黑色,42004-0054301,5
成利,量產模 11穴 TG-A373F DIA23.7*0.45mm,Z4001-0311101,0.2
,量產模 14穴 TG-A6200F R87.75*14*3.5mm,Z4001-0313001,0.2
百洲模具,金屬底板模具-Cofan,Z6102-0001601,15
,金屬檢驗模具-Cofan,Z6102-0001701,15
,機底底板,Z9999-00001,33.6
艾丁陞,高放射率不可水洗黑體漆 LabIR HERP-LT-MWIR-BK-11,Z9999-00001,2.5
,高放射率可水洗黑體漆 LabIR HEWP-LT-MWIR-BK-11,Z9999-00001,2.5
,高放射率高溫黑體漆 LabIR HERP-HT-MWIR,Z9999-00001,2.5
佑鴻,CP23 21.5*11.4*5.8*0.45mm,41003-0002101,0.0007999999999999997
,,41003-0002801,0.0008
,CP33 28.5*17.5*5.8*0.45mm,41003-0002201,0.0013999999999999996
吸粒有限公司,5穴治具,Z9999-00001,0.3
,6110 BTM貼合治具8穴(紅色PET),Z9999-00001,0.3
,6110 TOP貼合治具8穴(藍色PET),Z9999-00001,0.3
,治具修改工程費,Z9999-00001,0.3
,貼合治具-放料部分用鐵氟龍材質-治具用電木板,Z9999-00001,0.3
,量測治具-(檢驗銅塊),Z9999-00001,0.3
宏惠光電,"2X, 532nm VegaTM Nd:YAG Laser Line Beam Expander-UNI35094",Z9999-00001,0.16
,6-Pin Male Hirose Connector Cable-HR10AD1,Z9999-00001,0.4491
,BS043,Z9999-00001,0.0499
,BS20CAM,Z9999-00001,0.0136
,CCM1-4ER/M,Z9999-00001,0.1361
,FC-520-15W 光纖雷射520nm,Z9999-00001,17
,K-Cube Solenoid Controller-KSC101,Z9999-00001,0.3992
,Power Meter Interfaces-PM101A,Z9999-00001,0.5171
,SC10,Z9999-00001,3.3112
,SH05R/M,Z9999-00001,0.4173
,SHB05,Z9999-00001,1.2655
,SHCP05/M,Z9999-00001,0.0272
,YAG Laser Line Beam Expander-UNI35098,Z9999-00001,0.16
,叉式壓板組-02BCF-3(M),Z9999-00001,0.12
,支撐座-03MPH-2M,Z9999-00001,0.07
,支撐座-03MPH-3M,Z9999-00001,0.09
,支撐棒-03MPS-2M,Z9999-00001,0.05
,支撐棒-03MPS-3M,Z9999-00001,0.07
,可調式雷射/ 圓柱物體固定-04LMP-4AM,Z9999-00001,0.91
,可調式雷射/ 圓柱物體固定座(04LMP-4AM),Z9999-00001,0.91
,可調式雷射/圓柱物體固定座-04LMP-4AM,Z9999-00001,0.91
,光學平板BR0606-1M,Z9999-00001,12.18
,雷射安全護目鏡(ARG-36),Z9999-00001,0.15
,齒輪式/鳩尾槽導Z軸移動平台-解析度 0.1mm-06TTS-ZM,Z9999-00001,0.29
沅橡企業有限公司,M.2-Thermal_module-tape,27062-0000101,0.0011
,防拆標籤紙 60*30.0mm,21004-0010101,0.00019
,標籤紙 100*60.0mm,21004-0010001,0.0007
,標籤紙 160*10.0mm,21004-0009701,0.00017
,標籤紙 40*10.0mm,21004-0009901,5e-05
佺億空油壓,三點組合用油,Z9999-00001,0.94
其東,中油CPC-國光牌 循環機油(R68)4L,Z9999-00001,3.5
,環保去漬油 200公升/桶(136.6KG),24001-0000301,136.6
奇典,Intel_BHS_AP_2U VC_Module_CNC_Jig_Top,Z9999-00001,2.17
,Intel_BHS_AP_EVAC_2U CNC_Jig_Bottom,Z9999-00001,2.17
,Intel_BHS_AP_EVAC_2U CNC_Jig_Heat_Pipe_Brace,Z9999-00001,0.13
,Intel_BHS_AP_EVAC_2U CNC_Jig_Support_Column_TB,Z9999-00001,0.03
,Intel_BHS_AP_EVAC_2U CNC_Jig_Support_Column_TVC,Z9999-00001,0.04
宗澤電訊,D2 Pipe,16040-0000101,0.00132
宗穎彈簧,(TSM-003102)-E扣1,Z9999-00001,0.00035
,(TSM-003102)-E扣2,Z9999-00001,8e-05
,(TSM-003102)-墊片,Z9999-00001,0.00037
,(TSM-003102)-彈簧1,Z9999-00001,0.002
,(TSM-003102)-彈簧2,Z9999-00001,0.000133
,(TSM-003102)-螺絲1,Z9999-00001,0.0114
,(TSM-003102)-螺絲2,Z9999-00001,0.0016
,AMD SP6 1U/ 2U-彈簧,Z9999-00001,0.0014
,AMD SP6 1U/ 2U-螺絲,Z9999-00001,0.0036
,AUO風扇扣具 1.0*18.8*40L,Z9999-00001,0.0006
,E扣,Z9999-00001,0.00013
,GB200樣品自測-CPU彈簧,Z9999-00001,0.0012
,GB200樣品自測-GPU&CPU螺絲,Z9999-00001,0.0026
,GB200樣品自測-GPU彈簧,Z9999-00001,0.0022
,GB200樣品自測-IO彈簧1,Z9999-00001,0.0002
,GB200樣品自測-IO彈簧2,Z9999-00001,0.00047
,GB200樣品自測-IO螺絲,Z9999-00001,0.0014
,GB200樣品自測-TH500套筒,Z9999-00001,0.0006
,Intel Birch Stream-SP 2U彈簧螺絲,Z9999-00001,0.00543
,KQX40 方型管模組-O扣,Z9999-00001,3e-05
,KQX40 方型管模組-彈簧,Z9999-00001,7e-05
,KQX40 方型管模組-螺絲,Z9999-00001,0.00019
,NB_GA402RK模組-E扣-Support,Z9999-00001,3.1e-05
,NB_GA402RK模組-彈簧,Z9999-00001,6.5e-05
,NB_GA402RK模組-螺絲,Z9999-00001,0.0003
,ST-4090-焊接治具-E扣,Z9999-00001,0.00013
,ST-4090-焊接治具-彈簧,Z9999-00001,0.0006
,ST-4090-焊接治具-螺絲,Z9999-00001,0.0038
,WMT模組-E扣-Support,Z9999-00001,0.0002
,WMT模組-彈簧,Z9999-00001,0.0006
,WMT模組-螺絲,Z9999-00001,0.0076
,彈簧,Z9999-00001,0.0002
,螺絲,Z9999-00001,0.005
岱新科技,BHS-AP-VC實心銅柱,Z9999-00001,0.001
,N3102_VC_實心銅柱,Z9999-00001,0.001
,銅粉,16050-0000101,25
,,Z9999-00001,0.1
忠見,刀片 700*18.5*0.45mm,Z3001-00030,0.046
,刀片 800*23.6*0.45mm,Z3001-00031,0.067
承祐,T68 100M*280*0.025mm 不背膠,31001-0225001,4.25
,T68 23*23*0.085mm 雙背雙面膠,41010-0039401,0.0001
,T68 300*270*0.035mm 單背PET,41010-0024101,0.01
,T68 300*270*0.085mm 雙背雙面膠,41010-0041101,0.027
,T68 DIA270*0.025mm 沖型,41010-0030301,0.0127
,T68A 100*100*0.035mm,41010-0012801,0.0025
,T68A 100*50*0.035mm,41010-0038001,0.0012
,T68A 100*85*0.18mm 貼合銅箔 沖型,41010-0035801,0.005
,T68A 112.2*104*0.035mm,41010-0042101,0.0029
,T68A 115*90*0.035mm,41010-0025601,0.0026
,T68A 13*9*0.055mm,41010-0038301,0.0001
,T68A 145*75*0.035mm,41010-0040801,0.0027
,T68A 150*150*0.035mm,41010-0010601,0.0057
,T68A 150*28*0.035mm,41010-0037101,0.001
,T68A 160*16*0.055mm 沖型,41010-0035301,0.007
,T68A 180*120*0.035mm,41010-0041601,0.0055
,T68A 20*10*0.055mm,41010-0038801,0.0001
,T68A 20.4*7*0.035mm,41010-0037401,0.0001
,T68A 210*210*0.055mm,41010-0036201,0.0126
,T68A 220*100*0.035mm,41010-0028801,0.0051
,T68A 220*220*0.035mm,41010-0032601,0.0124
,T68A 230*10*0.055mm,41010-0038601,0.0006
,T68A 256*174.38*0.18mm 貼合銅箔 沖型,41010-0033001,0.0283
,T68A 270*270*0.035mm,41010-0022901,0.018699999999999998
,T68A 270*270*0.055mm,41010-0018201,0.020999999999999998
,T68A 297*270*0.055mm,41010-0030201,0.0232
,T68A 30*30*0.035mm,41010-0041001,0.0001
,T68A 300*240*0.035mm,41010-0038201,0.0184
,T68A 300*270*0.035mm,41010-0023901,0.02
,T68A 300*270*0.055mm,41010-0024401,0.017
,T68A 304*252*0.055mm,41010-0036501,0.0221
,T68A 310*110*0.035mm,41010-0036801,0.0087
,T68A 310*270*0.035mm,41010-0038101,0.0214
,T68A 39.6*39.6*0.055mm 單面背膠,41010-0017101,0.0004
,T68A 41*41*0.035mm,41010-0041301,0.0002
,T68A 51*40.5*0.055mm 沖型,41010-0042801,0.0005
,T68A 90*80*0.035mm 沖型,41010-0017901,0.0018
,T68AP 100*100*0.045mm,41010-0022801,0.0016
,T68AP 100*60*0.085mm,41010-0018601,0.0013
,T68AP 120*40*0.085mm,41010-0042501,0.001
,T68AP 150*105*0.085mm,41010-0039001,0.0034
,T68AP 150*150*0.045mm,41010-0030101,0.0037
,T68AP 150*28*0.045mm,41010-0037201,0.0006
,T68AP 170*170*0.045mm,41010-0041701,0.0047
,T68AP 20*10*0.045mm,41010-0038901,0.0001
,T68AP 210*210*0.085mm,41010-0036001,0.0097
,T68AP 220*100*0.045mm,41010-0031801,0.0036
,T68AP 265*265*0.286mm 貼合銅箔,41010-0035201,0.054
,T68AP 270*270*0.045mm,41010-0030401,0.0121
,T68AP 270*270*0.085mm,41010-0022201,0.016199999999999996
,,41010-0022301,0.016199999999999996
,T68AP 297*210*0.085mm,41010-0042701,0.0138
,T68AP 30*17*0.085mm,41010-0040701,0.0001
,T68AP 300*210*0.045mm,41010-0036601,0.01
,T68AP 300*270*0.085mm,31001-0308201,0.02
,T68AP 303*50*0.065mm 沖型,41010-0015502,0.01
,T68AP 33*4.6*0.045mm,41010-0033101,0.0001
,T68AP 335*30*0.085mm,41010-0042601,0.0022
,T68AP 47.24*21.08*0.085mm 沖型,41010-0009102,0.0002
,T68AP 50*50*0.045mm,41010-0041401,0.0002
,T68AP 60*50*0.085mm,41010-0018701,0.0006
,T68AP 80*70*0.085mm,41010-0039501,0.0012
,T68AP 80*80*0.045mm,41010-0039201,0.001
,量產模 1穴 T68A 100*85*0.18mm,Z4001-0311201,0.3
,量產模 1穴 T68A 304*252*0.055mm,Z4001-0312701,2.2
昆山聯柏,jqx60-VC薄板樣品,Z9999-00001,0.25
,Plaid Film 350*350*0.15mm 格紋膜,22001-0001201,0.00484
,均溫板 118.75*52.57*0.5mm,42009-0001001,0.8
,均溫板 129.2*64.1*0.5mm,42009-0000701,0.8
,均溫板 131.6*52.57*0.5mm,42009-0000901,0.8
,均溫板 135.9*63.6*0.5mm,42009-0000801,0.8
,散熱模組 94.963*84.149*4.0mm,42008-0008701,0.5
,量產模 1穴 TG-A1250 20*13*0.5mm,Z4001-0324801,1.5
,量產模 1穴 TG-A1250LC 19.14*7.8*3.0mm,Z4001-0325001,1.3
,量產模 1穴 TG-A1250LC 25.8*10*3.0mm,Z4001-0325101,1.6
,藍色亮面膜 250M*350*0.06mm,22001-0001801,5.33
明紘,3M467MP 55M*330*0.05mm,24002-0000201,3.5999999999999988
,3M8003 50M*400*0.03mm,24002-0001901,3.1999999999999997
,3M9448 50M*330mm*0.15mm 棉紙基材雙面膠帶,24002-0000701,5.3
,3M9458 55M*300*0.03mm,24002-0001001,2.2
,3M9460 55M*330*0.05mm,24002-0000301,5.2
,MY2G綠色矽利康膠帶 66M*20*0.1mm,21006-0001001,0.2
,OPP透明膠帶,21006-0000601,20
,打包帶15mm,21006-0000201,10
,白色矽利康膠帶 18mm*66M,21006-0000501,0.20000000000000004
,氣泡布 3尺*80Y,21007-0000101,5
明達,Aluminum 30*30*5.0mm 洗淨,42006-0018501,0.01
,Aluminum Block 30*30*5.0mm 洗淨,42006-0018501,0.01
,Aluminum Block 31.7*31*9.5mm,42006-0022801,0.02
,Aluminum Block 40*30*12.5mm,42006-0022201,0.04
,Aluminum Block 40*30*6.0mm 洗淨,42006-0019301,0.02
,Aluminum Block 40*40*2.0mm,42006-0022301,0.008
,Aluminum Block 43*18*15.0mm 洗淨,42006-0018001,0.0029999999999999996
,Aluminum Block 48*15*15.0mm 洗淨,42006-0019201,0.03
,Aluminum Block 57*57*17.0mm,42006-0022101,0.15
,Aluminum Block 57*57*24.0mm 洗淨,42006-0019401,0.21
,Aluminum Block 60*42*8.0mm 洗淨,42006-0019501,0.05
,Aluminum Block 60*60*2.0mm,42006-0022401,0.02
,HEASINK 70*29.5*4.7mm 洗淨,42004-0056201,0.027
,HEATSINK 110*74.2*48.2mm 陽極本色,42004-0048401,1.1
,HEATSINK 114*95.5*8.4mm 陽極本色,42004-0019801,0.2
,HEATSINK 20*20*10.5mm 陽極本色,42004-0056901,0.01
,HEATSINK 20*20*23.5mm 陽極本色,42004-0056801,0.026
,HEATSINK 25*15*3.5mm 陽極本色,42004-0033101,0.0036
,HEATSINK 30*30*1.2mm 洗淨,42004-0054601,0.003
,HEATSINK 30*30*2.0mm 洗淨,42004-0019501,0.005
,HEATSINK 32*28.5*8.0mm 陽極本色,42004-0039201,0.02
,HEATSINK 40*30*30.0mm,42004-0020701,0.1
,HEATSINK 41*20*30.0mm 陽極本色,42004-0046101,0.06
,HEATSINK 41*30*30.0mm 陽極本色,42004-0053901,0.1
,HEATSINK 41*40*30.0mm 陽極本色,42004-0054001,0.13
,HEATSINK 45*43.9*24.6mm 陽極本色,42004-0051701,0.13
,HEATSINK 76*31*6.0mm 陽極黑色,42004-0057101,0.039
,HEATSINK 78*65*29.0mm 陽極本色,42004-0055301,0.41
,鋁塊 12.7*12.7*14.8mm 陽極本色,42006-0017401,0.006
,鋁塊 25.4*25.4*15.8mm 陽極本色,42006-0017901,0.02
,鋁塊 30*15*7.3mm 陽極本色,42006-0017501,0.009
,鋁塊 65*48.8*2.5mm 洗淨,42006-0018401,0.02
,鋁塊 70*25.4*15.8mm 陽極本色,42006-0018301,0.07
,鋁塊 70*25.4*25.4mm 陽極本色,42006-0017801,0.12
明瑩金屬工業,Cofan_VC-bottom,16020-0000401,0.17999999999999997
,Cofan_VC-top,16011-0000401,0.102
,OB_VC-bottom,16020-0000601,0.035
,OB_VC-top,16010-0000601,0.02
朋德,FAN 30*30*10.0mm,43001-0002501,0.01
朋德電子股份有限公司,FAN 40*40*10.0mm,43001-0004101,0.015
松盛,HEATSINK 99.2*79.2*9.5mm,42004-0018301,0.052
欣達電熱,彈筒電熱管,Z9999-00001,0.01
泓傑科技,加熱銅塊,Z9999-00001,0.5
知性國際事業,紙箱 380*280*320.0mm,21001-0002101,1.2
肥特補,TG-P10090 25M*470*0.085mm 不背膠,31001-0235001,9.799999999999999
金石門,一般型-數位扭力板手WQ-60-2,Z9999-00001,0.74
青山儀器,易開罐 34*41 A-02 青山儀器 30G及50G共用,21005-0001401,0.0076
,塑膠罐 60G,21005-0001901,0.0436
俐誠,PET 112.9*34*0.2mm(6110),51006-0011701,0.0011
,,51006-0011801,0.0011
,PET 112.9*34*0.2mm(8110),51006-0008701,0.0011
,,51006-0008801,0.0011
,PET 112.9*34*0.2mm(M7450-B),51006-0015801,0.0011
,PET 112.9*34*0.2mm(M7450-T),51006-0015701,0.0011
,PET 112.9*34*0.2mm(PE9010-B),51006-0015201,0.0010999999999999996
,PET 112.9*34*0.2mm(PE9010-T),51006-0015101,0.0010999999999999992
,PET 112.9*34*0.2mm(PM9A3-B),51006-0010501,0.0011
,PET 112.9*34*0.2mm(PM9A3-T),51006-0010401,0.0010999999999999994
,PET 92*34*0.2mm(M3400),51006-0010001,0.0010000000000000007
,PET 92*34*0.2mm(PC711),51006-0010201,0.001
,PET 92*34*0.2mm(PC801-1TB),51006-0009501,0.0010000000000000002
,PET 92*34*0.2mm(PC801-512GB),51006-0012201,0.0010000000000000005
,PET 92*34*0.2mm(PM9A2),51006-0010301,0.0010000000000000007
,PET 92*34*0.2mm(SN730),51006-0009901,0.001
,PET 92*34*0.2mm(XG8),51006-0009601,0.0010000000000000007
信鍇裕,黑管支架,Z9999-00001,0.1
,鋁件支架,Z9999-00001,0.1
冠好,白牛皮雙面離型紙 500M*350*0.119mm,22002-0000301,19.075
冠磁,FAM1 36.15*30.16*0.25mm 單面背膠 沖型,41019-0003901,0.0012
,FAM1 400*400*0.5mm 不背膠,31001-0337201,0.335
,FAM1 400*400*0.5mm 單面背膠,31001-0267101,0.341
,FAM1 400*400*2.5mm 單面背膠,31001-0267801,1.41
,FAM1 600*400*0.25mm 單面背膠,31001-0150701,0.23499999999999996
,FAM1 600*400*1.0mm 不背膠,41019-0018001,0.943
,FAM1 600*400*2.5mm 單面背膠,31001-0360401,2.12
,FAM3 400*400*0.25mm 單面背膠,41019-0001901,0.24133333333333332
,FAM3 400*400*0.75mm 單面背膠,31001-0267401,0.604
,FAM3 600*400*0.5mm 單面背膠,41019-0019401,0.611
,FAM6 297*210*0.05mm 不背膠,41019-0010601,0.0108
,FAM6 297*210*0.1mm 單面背膠,31001-0274601,0.03
,FAM6 297*210*0.2mm 單面背膠,31001-0239501,0.052000000000000005
,,41019-0006601,0.052
,FAM6 297*210*0.3mm 不背膠,41019-0010901,0.0685
,FAM6 297*210*0.3mm 單面背膠,31001-0246701,0.077
,FAM6 297*210*0.5mm 不背膠,31001-0267301,0.114
,FAM6 297*210*0.5mm 單面背膠,31001-0291501,0.11700000000000002
,FAM7 125*125*0.12mm 單面背膠+PET,41019-0005601,0.011
,FAM7 130*130*0.08mm 單面背膠+PET,41019-0007501,0.008199999999999999
,FAM7 130*130*0.12mm 單面背膠+PET,41019-0006101,0.01198
,FAM7 130*130*0.22mm 單面背膠+PET,41019-0002401,0.002126
,FAM7 29*24*0.12mm 單面背膠+PET,41019-0008001,0.000471
,FAM7 DIA19*0.12mm 單面背膠+PET,41019-0008101,0.00019000000000000004
威宏儀器,OMEGA熱電偶測溫線,Z9999-00001,0.3
,OMEGA熱電偶測溫線(TT-T-30-SLE),Z9999-00001,0.5
,OMEGA熱電偶測溫線(TT-T-36-SLE),Z9999-00001,0.5
,WH2012 十二通道無紙記錄器,Z9999-00001,1
帝商,箱標(銅版貼紙)100*80mm,21004-0000101,1.55
建展,Aluminum Block 35*25*3.0mm,42006-0023201,1
,Aluminum Block 45*25*4.0mm,42006-0023101,1
,散熱模組 113.2*100*15.0mm,42008-0010201,3
,,42008-0011101,3
建泰油行,水性離型劑 450ml/罐(362G),24001-0001001,3.6578000000000004
珀金埃爾默,ICP-OES Avio 220 感應耦合電漿放射光譜儀系統,Z9999-00001,146
,微波樣品前處理系統 MPS320,Z9999-00001,70.75
研華,8 通道多功能 USB 模組,Z9999-00001,0.6
,"A2 2.5"" UIO SBC NXP i.MX8M Plus Dual",Z9999-00001,0.4
,三角形適配器交流轉直流 100-240V 36W 12V C6 可鎖定直流插頭,Z9999-00001,0.2
,電源線/台灣規格(米老鼠頭),Z9999-00001,0.5
美正紙器,樣品書盒 234*213*10.0mm,21001-0002601,0.145
美而堅,產線防護鞋(旋鈕鞋),Z3001-00026,0.39
,,Z9999-00001,0.39
美勳實業,泡沫銅110 PPI*2t-20*20cm,Z9999-00001,0.025
英騰吉德,A96AB 300G 白色,41001-0001901,0.29999999999999993
,A96AB 300G 黑色,41001-0002301,0.3
,A96AB導熱封膠 1KG 白色,41001-0000201,1
,,41001-0000801,1
,A96AB導熱封膠 1KG 黑色,41001-0000101,1
,H48-2 310*310*0.3mm 不背膠,31001-0310701,0.096
,,31001-0318801,0.12
,H48-2 310*310*0.5mm 不背膠,31001-0310801,0.16000000000000006
,H48-2 310*310*0.8mm 不背膠,31001-0310901,0.248
,H48-2 310*310*1.0mm 不背膠,31001-0311001,0.30999999999999994
,H48-2 310*310*1.2mm 不背膠,31001-0311201,0.37000000000000005
,H48-2 310*310*1.5mm 不背膠,31001-0311301,0.46499999999999997
,H48-2 310*310*2.0mm 不背膠,31001-0311501,0.59
,H48-2 310*310*2.5mm 不背膠,31001-0311701,0.7400000000000001
,H48-2 310*310*3.0mm 不背膠,31001-0311801,0.9
,H48-2 310*310*3.5mm 不背膠,31001-0311901,1.085
,H48-2 310*310*4.5mm 不背膠,31001-0312101,1.395
,H48-2 310*310*5.0mm 不背膠,31001-0312201,1.4899999999999993
,H48-2 310*310*7.0mm 不背膠,31001-0312501,2.17
,H48-2F 310*310*1.5mm 不背膠,31001-0234201,0.41
,H48-2F 400*300*0.8mm 不背膠,31001-0340301,0.27
,H48-2K 310*310*0.1mm 不背膠,31001-0101601,0.09999999999999999
,H48-2K 310*310*0.2mm 不背膠,31001-0309501,0.09999999999999999
,H48-2K 310*310*0.3mm 不背膠,31001-0315601,0.13
,H48-6 310*310*0.3mm 不背膠,31001-0292101,0.14999999999999997
,H48-6 310*310*0.5mm 不背膠,31001-0282001,0.17999999999999988
,H48-6 310*310*0.8mm 不背膠,31001-0282101,0.24
,H48-6 310*310*1.0mm 不背膠,31001-0282201,0.3599999999999999
,H48-6 310*310*1.2mm 不背膠,31001-0282301,0.432
,H48-6 310*310*1.5mm 不背膠,31001-0282401,0.54
,H48-6 310*310*1.8mm 不背膠,31001-0279801,0.7
,H48-6 310*310*10.0mm 不背膠,31001-0284001,3.6000000000000005
,H48-6 310*310*11.0mm 不背膠,31001-0287501,3.96
,H48-6 310*310*13.0mm 不背膠,31001-0315801,4.5
,H48-6 310*310*2.0mm 不背膠,31001-0282601,0.72
,H48-6 310*310*2.2mm 不背膠,31001-0292001,0.8
,H48-6 310*310*2.5mm 不背膠,31001-0280601,0.9
,,31001-0282701,0.9000000000000001
,H48-6 310*310*3.0mm 不背膠,31001-0282801,1.0799999999999996
,H48-6 310*310*3.2mm 不背膠,31001-0362301,1.12
,H48-6 310*310*3.5mm 不背膠,31001-0282901,1.21
,H48-6 310*310*4.0mm 不背膠,31001-0283001,1.4399999999999997
,H48-6 310*310*4.5mm 不背膠,31001-0283101,1.6199999999999999
,H48-6 310*310*5.0mm 不背膠,31001-0283201,1.8000000000000003
,H48-6 310*310*6.0mm 不背膠,31001-0283401,2.16
,H48-6 310*310*6.5mm 不背膠,31001-0283501,2.34
,H48-6 310*310*7.0mm 不背膠,31001-0283601,2.52
,H48-6 310*310*8.0mm 不背膠,31001-0283701,2.88
,H48-6 310*310*8.5mm 不背膠,31001-0313201,3.06
,H48-6 310*310*9.0mm 不背膠,31001-0283801,3.24
,H48-6 620*310*2.0mm 不背膠,31001-0101101,0.67
,H48-6A 310*310*0.3mm 不背膠,31001-0321201,0.15
,H48-6A 310*310*0.5mm 不背膠,31001-0313301,0.17999999999999997
,H48-6A 310*310*0.8mm 不背膠,31001-0313401,0.27499999999999997
,H48-6A 310*310*1.0mm 不背膠,31001-0313501,0.34
,H48-6A 310*310*1.2mm 不背膠,31001-0313601,0.408
,H48-6A 310*310*1.5mm 不背膠,31001-0313701,0.51
,H48-6A 310*310*2.0mm 不背膠,31001-0313901,0.6799999999999998
,H48-6A 310*310*2.5mm 不背膠,31001-0314001,0.85
,H48-6A 310*310*3.5mm 不背膠,31001-0314201,1.19
,H48-6A 310*310*4.0mm 不背膠,31001-0314301,1.36
,H48-6A 310*310*4.5mm 不背膠,31001-0314401,1.53
,H48-6A 310*310*5.5mm 不背膠,31001-0314601,1.87
,H48-6A 310*310*6.0mm 不背膠,31001-0314701,2.0399999999999996
,H48-6A 310*310*7.0mm 不背膠,31001-0314901,2.38
,H48-6A 310*310*8.5mm 不背膠,31001-0315101,2.89
,H48-6C 310*310*0.5mm 不背膠,31001-0235601,0.19
,H48-6C 310*310*1.0mm 不背膠,31001-0235801,0.35000000000000003
,H48-6C 310*310*1.2mm 不背膠,31001-0235901,0.42
,H48-6C 310*310*2.0mm 不背膠,31001-0236201,0.7
,H48-6C 310*310*3.0mm 不背膠,31001-0236401,1.05
,H48-6C 310*310*3.5mm 不背膠,31001-0236601,1.225
,H48-6C 310*310*5.0mm 不背膠,31001-0236901,1.75
,H48-6C 310*310*6.0mm 不背膠,31001-0237001,2.1000000000000005
,H48-6G 310*310*0.3mm 不背膠,31001-0109801,0.15000000000000005
,H48-6G 310*310*0.5mm 不背膠,31001-0284201,0.16999999999999996
,H48-6G 310*310*0.8mm 不背膠,31001-0284301,0.272
,H48-6G 310*310*1.0mm 不背膠,31001-0284401,0.3399999999999999
,H48-6G 310*310*1.5mm 不背膠,31001-0284601,0.5099999999999999
,H48-6G 310*310*2.0mm 不背膠,31001-0284801,0.6799999999999998
,H48-6G 310*310*2.5mm 不背膠,31001-0284901,0.8499999999999998
,H48-6G 310*310*3.0mm 不背膠,31001-0285001,1.02
,H48-6G 310*310*4.0mm 不背膠,31001-0285201,1.6499999999999997
,H48-6G 310*310*5.0mm 不背膠,31001-0285401,1.69
,H48-6R 310*310*1.0mm 不背膠,31001-0349101,0.32
,H48-6T 310*310*0.5mm 不背膠,31001-0048101,0.155
,H48-6T 310*310*0.8mm 不背膠,31001-0288501,0.248
,H48-6T 310*310*1.0mm 不背膠,31001-0288601,0.31000000000000016
,H48-6T 310*310*1.2mm 不背膠,31001-0288701,0.37199999999999994
,H48-6T 310*310*1.5mm 不背膠,31001-0288801,0.4649999999999999
,H48-6T 310*310*1.6mm 不背膠,31001-0091901,0.5300000000000001
,H48-6T 310*310*10.0mm 不背膠,31001-0095201,3.1
,H48-6T 310*310*11.0mm 不背膠,31001-0048901,3.4099999999999993
,H48-6T 310*310*2.0mm 不背膠,31001-0289401,0.6199999999999996
,H48-6T 310*310*2.5mm 不背膠,31001-0048501,0.7750000000000002
,H48-6T 310*310*3.0mm 不背膠,31001-0049001,0.9299999999999998
,H48-6T 310*310*3.5mm 不背膠,31001-0093101,1.0850000000000006
,H48-6T 310*310*3.8mm 不背膠,31001-0173901,1.2
,H48-6T 310*310*4.0mm 不背膠,31001-0093201,1.2399999999999993
,H48-6T 310*310*4.5mm 不背膠,31001-0094001,1.3950000000000007
,H48-6T 310*310*5.0mm 不背膠,31001-0048301,1.5500000000000005
,H48-6T 310*310*5.5mm 不背膠,31001-0094101,1.705
,H48-6T 310*310*6.0mm 不背膠,31001-0093501,1.8599999999999999
,H48-6T 310*310*6.5mm 不背膠,31001-0048601,2.015
,H48-6T 310*310*7.0mm 不背膠,31001-0094801,2.1700000000000004
,H48-6T 310*310*7.5mm 不背膠,31001-0048701,2.3250000000000015
,H48-6T 310*310*8.0mm 不背膠,31001-0094901,2.479999999999999
,H48-6T 310*310*8.5mm 不背膠,31001-0095001,2.635
,H48-6T 310*310*9.0mm 不背膠,31001-0048801,2.7900000000000023
,H48-6T 330*330*1.5mm 不背膠,31001-0048201,0.465
,H48-6T 330*330*2.0mm 不背膠,31001-0091401,0.62
,H48-6TF 310*310*0.5mm 不背膠,31001-0049701,0.15499999999999997
,H48-6TF 620*310*1.0mm 不背膠,31001-0140501,0.30999999999999994
,H48-6TLC 270*270*1.0mm 不背膠,31001-0290001,0.3099999999999999
,H48-6TLC 270*270*1.5mm 不背膠,31001-0290201,0.4649999999999999
,H48-6TLC 270*270*2.5mm 不背膠,31001-0290101,0.7750000000000002
,L37-3 310*310*0.3mm 不背膠,31001-0234701,0.10000000000000003
,L37-3 310*310*0.5mm 不背膠,31001-0249601,0.11000000000000004
,L37-3 310*310*0.8mm 不背膠,31001-0249701,0.2
,L37-3 310*310*1.0mm 不背膠,31001-0249801,0.26
,L37-3 310*310*1.5mm 不背膠,31001-0250001,0.39999999999999997
,L37-3 310*310*10.0mm 不背膠,31001-0251701,2.85
,L37-3 310*310*2.0mm 不背膠,31001-0017601,0.5399999999999996
,L37-3 310*310*2.5mm 不背膠,31001-0250201,0.65
,L37-3 310*310*3.0mm 不背膠,31001-0250301,0.84
,L37-3 310*310*3.5mm 不背膠,31001-0250401,0.98
,L37-3 310*310*4.0mm 不背膠,31001-0250501,1.04
,L37-3 310*310*5.5mm 不背膠,31001-0250801,1.562
,L37-3L 310*310*0.5mm 不背膠,31001-0108701,0.141
,L37-3L 310*310*2.0mm 不背膠,31001-0109601,0.566
,L37-3S 310*310*0.5mm 不背膠,31001-0285601,0.15000000000000005
,L37-3S 310*310*0.8mm 不背膠,31001-0285701,0.2400000000000001
,L37-3S 310*310*1.0mm 不背膠,31001-0285801,0.29999999999999993
,L37-3S 310*310*1.2mm 不背膠,31001-0285901,0.35
,L37-3S 310*310*1.5mm 不背膠,31001-0286001,0.4500000000000001
,L37-3S 310*310*1.8mm 不背膠,31001-0286101,0.5
,L37-3S 310*310*10.0mm 不背膠,31001-0249101,2.98
,L37-3S 310*310*11.0mm 不背膠,31001-0249301,3.32
,L37-3S 310*310*12.0mm 不背膠,31001-0249501,3.54
,L37-3S 310*310*2.0mm 不背膠,31001-0286201,0.5799999999999994
,L37-3S 310*310*2.5mm 不背膠,31001-0286301,0.73
,L37-3S 310*310*3.0mm 不背膠,31001-0247701,0.8800000000000003
,L37-3S 310*310*3.5mm 不背膠,31001-0247801,1.04
,L37-3S 310*310*4.0mm 不背膠,31001-0247901,1.18
,L37-3S 310*310*5.0mm 不背膠,31001-0248101,1.5
,L37-3S 310*310*6.0mm 不背膠,31001-0248301,1.7700000000000002
,L37-3S 310*310*7.5mm 不背膠,31001-0248601,2.23
,L37-3S 310*310*9.0mm 不背膠,31001-0248901,2.69
,L37-5 310*310*0.3mm 不背膠,31001-0146701,0.14
,L37-5 310*310*0.5mm 不背膠,31001-0280701,0.14
,L37-5 310*310*0.8mm 不背膠,31001-0280801,0.245
,L37-5 310*310*1.0mm 不背膠,31001-0280901,0.303
,L37-5 310*310*1.5mm 不背膠,31001-0281101,0.455
,L37-5 310*310*2.0mm 不背膠,31001-0281201,0.6099999999999998
,L37-5 310*310*2.5mm 不背膠,31001-0281301,0.7569999999999999
,L37-5 310*310*3.0mm 不背膠,31001-0281401,0.9200000000000003
,L37-5 310*310*4.0mm 不背膠,31001-0281601,1.224
,L37-5 310*310*5.0mm 不背膠,31001-0281901,1.5299999999999998
,L37-5 310*310*8.0mm 不背膠,31001-0321001,2.448
,L37-5 620*310*0.8mm 不背膠,31001-0315901,0.46
,L37-5 620*310*1.0mm 不背膠,31001-0331501,0.49
,L37-5S 310*310*0.5mm 不背膠,31001-0123701,0.16
,L37-5S 310*310*1.0mm 不背膠,31001-0123901,0.28000000000000014
,L37-5S 310*310*2.0mm 不背膠,31001-0116501,0.56
,L37-5S 310*310*2.5mm 不背膠,31001-0116601,0.7
,PC94 250*250*0.5mm 不背膠,31001-0337101,0.105
,PC94 330*330*0.8mm 不背膠,31001-0338901,0.288
,PC94 330*330*1.0mm 不背膠,31001-0336201,0.3599999999999998
,PC94 330*330*1.2mm 不背膠,31001-0337001,0.4320000000000001
,PC94 330*330*1.5mm 不背膠,31001-0336701,0.54
,PC94 330*330*2.0mm 不背膠,31001-0336901,0.7199999999999999
,PC94 330*330*2.5mm 不背膠,31001-0336801,0.9000000000000002
,PC94 330*330*3.0mm 不背膠,31001-0339001,1.08
,PC94 330*330*3.5mm 不背膠,31001-0339101,1.26
,PC94 330*330*4.0mm 不背膠,31001-0339201,1.4400000000000002
,PC94 330*330*4.5mm 不背膠,31001-0339301,1.6200000000000003
,PC94 330*330*5.0mm 不背膠,31001-0339401,1.8
,PC94 330*330*5.5mm 不背膠,31001-0339501,1.9799999999999998
,PC94 330*330*6.0mm 不背膠,31001-0339601,2.16
,PC94 330*330*7.0mm 不背膠,31001-0339801,2.52
,PC94 330*330*8.0mm 不背膠,31001-0340001,2.88
,S606 1KG/罐 鐵罐,31001-0306601,1
,S606 30G/POT,41007-0000301,0.03
,,41007-0006701,0.03
,S606B 1KG/POT 白色,41007-0008701,1
,S606B 30G/POT 白色,41007-0002101,0.03
,,41007-0007201,0.030000000000000013
,S606C 1KG 灰色,31001-0278801,1
,S606C 30G/POT,41007-0000701,0.03
,,41007-0001101,0.030000000000000023
,,41007-0003401,0.030000000000000006
,,41007-0005401,0.03
,S606C 30ml/EA,41007-0007301,0.10200000000000004
,S606C 55ml/EA,41007-0003901,0.18
,,41007-0007701,0.17999999999999997
,S720AB 500G 白色,41002-0001601,0.5
,S720AB B劑 250G/POT 透明,41002-0002701,0.25
,S720AB 導熱封膠 A劑/白色 1KG,41002-0000601,1
,S730 100G 灰色,41002-0003001,0.09999999999999999
,S730 50ml/EA,41002-0002101,0.09999999999999999
,,41002-0003101,0.11
,TG2030 310*310*0.5mm 不背膠,31001-0277001,0.16999999999999996
,TG2030 310*310*0.8mm 不背膠,31001-0277101,0.272
,TG2030 310*310*1.0mm 不背膠,31001-0277201,0.3399999999999999
,TG2030 310*310*1.5mm 不背膠,31001-0277401,0.51
,TG2030 310*310*1.8mm 不背膠,31001-0258901,0.612
,TG2030 310*310*2.0mm 不背膠,31001-0277601,0.6799999999999998
,TG2030 310*310*2.5mm 不背膠,31001-0277701,0.8499999999999998
,TG2030 310*310*3.0mm 不背膠,31001-0252901,0.9600000000000005
,TG2030 310*310*3.5mm 不背膠,31001-0253001,1.1500000000000001
,TG2030 310*310*4.0mm 不背膠,31001-0253101,1.2800000000000005
,TG2030 310*310*4.5mm 不背膠,31001-0253201,1.4399999999999997
,TG2030 310*310*6.0mm 不背膠,31001-0253501,1.920000000000001
,TG2030 310*310*6.5mm 不背膠,31001-0253601,2.08
,TG2030 310*310*7.5mm 不背膠,31001-0253801,2.3999999999999995
,TG2030 310*310*8.0mm 不背膠,31001-0253901,2.56
,TG2030D 310*310*2.5mm 不背膠,31001-0315701,0.67
,TG2030F 310*310*0.8mm 不背膠,31001-0254901,0.22
,TG2030F 310*310*1.2mm 不背膠,31001-0255101,0.33
,TG2030F 310*310*4.0mm 不背膠,31001-0255701,1.1
,TG2030LC 270*270*2.5mm 不背膠,31001-0321801,0.77
,TG4040 310*310*0.5mm 不背膠,31001-0270801,0.18000000000000008
,TG4040 310*310*0.8mm 不背膠,31001-0270901,0.2879999999999999
,TG4040 310*310*1.0mm 不背膠,31001-0271001,0.3599999999999998
,TG4040 310*310*1.2mm 不背膠,31001-0270701,0.432
,TG4040 310*310*1.5mm 不背膠,31001-0271101,0.5399999999999994
,TG4040 310*310*1.8mm 不背膠,31001-0271201,0.5999999999999999
,TG4040 310*310*12.0mm 不背膠,31001-0216501,4.32
,TG4040 310*310*2.0mm 不背膠,31001-0275501,0.7199999999999994
,TG4040 310*310*2.5mm 不背膠,31001-0275601,0.899999999999999
,TG4040 310*310*3.0mm 不背膠,31001-0139101,1.0799999999999992
,TG4040 310*310*3.5mm 不背膠,31001-0032501,1.2600000000000007
,TG4040 310*310*4.0mm 不背膠,31001-0032801,1.439999999999999
,TG4040 310*310*4.2mm 不背膠,31001-0215601,1.5199999999999998
,TG4040 310*310*4.5mm 不背膠,31001-0032601,1.6200000000000006
,TG4040 310*310*5.0mm 不背膠,31001-0214101,1.7999999999999996
,TG4040 310*310*5.5mm 不背膠,31001-0033201,1.98
,TG4040 310*310*6.5mm 不背膠,31001-0033401,2.34
,TG4040 310*310*7.0mm 不背膠,31001-0033501,2.52
,TG4040 310*310*7.5mm 不背膠,31001-0214801,2.7000000000000015
,TG4040 310*310*8.0mm 不背膠,31001-0033601,2.8799999999999994
,TG4040 310*310*8.5mm 不背膠,31001-0215901,3.06
,TG4040 310*310*9.0mm 不背膠,31001-0033901,3.24
,TG4040 PUTTY 1KG/罐,41012-0001801,1
,TG4040 PUTTY 30G/POT,41012-0004101,0.03
,TG4040 PUTTY 30ml,41012-0000101,0.1
,TG4040 PUTTY 30ml/EA,41012-0003201,0.10000000000000003
,,41012-0004201,0.1
,TG4040 PUTTY 330ml/EA,41012-0000601,0.864
,TG4040 PUTTY 55ml/EA,41012-0003301,0.16999999999999998
,TG4040F 310*310*0.5mm 不背膠,31001-0239701,0.12000000000000005
,TG4040F 310*310*1.0mm 不背膠,31001-0240101,0.24
,TG4040F 310*310*1.5mm 不背膠,31001-0240401,0.3599999999999998
,TG4040F 310*310*2.0mm 不背膠,31001-0240701,0.48
,TG4040F 310*310*2.5mm 不背膠,31001-0241001,0.6
,TG4040F 310*310*3.0mm 不背膠,31001-0241401,0.72
,TG4040F 310*310*3.5mm 不背膠,31001-0241701,0.84
,TG4040F 310*310*4.5mm 不背膠,31001-0242201,1.08
,TG4040LC 270*270*0.5mm 不背膠,31001-0278901,0.2599999999999999
,TG4040LC 270*270*1.0mm 不背膠,31001-0279101,0.3360000000000002
,TG4040LC 270*270*1.5mm 不背膠,31001-0279301,0.5040000000000004
,TG4040LC 270*270*2.0mm 不背膠,31001-0279601,0.6720000000000004
,TG4040LC 270*270*2.5mm 不背膠,31001-0279701,0.84
,TG4040LC 270*270*3.0mm 不背膠,31001-0286401,1.0080000000000005
,TG4040LC 270*270*3.5mm 不背膠,31001-0286501,1.176
,TG4040LC 270*270*4.0mm 不背膠,31001-0286601,1.3439999999999999
,TG4040LC 270*270*5.0mm 不背膠,31001-0286701,1.68
,TG4040LC 270*270*5.5mm 不背膠,31001-0279901,1.848
,TG4040LC 270*270*7.0mm 不背膠,31001-0287101,2.352
,TG4040LC 270*270*7.5mm 不背膠,31001-0287201,2.52
,TG4040LC 540*270*1.0mm 不背膠,31001-0319401,0.6713333333333334
,TG6050 310*310*0.5mm 不背膠,31001-0276101,0.1799999999999999
,TG6050 310*310*0.8mm 不背膠,31001-0276201,0.288
,TG6050 310*310*1.0mm 不背膠,31001-0276301,0.3599999999999997
,TG6050 310*310*1.2mm 不背膠,31001-0276401,0.432
,TG6050 310*310*1.5mm 不背膠,31001-0276501,0.5399999999999995
,TG6050 310*310*1.8mm 不背膠,31001-0276601,0.648
,TG6050 310*310*2.0mm 不背膠,31001-0276701,0.7199999999999994
,TG6050 310*310*2.5mm 不背膠,31001-0276801,0.8999999999999991
,TG6050 310*310*3.0mm 不背膠,31001-0040201,1.0799999999999996
,TG6050 310*310*3.5mm 不背膠,31001-0039701,1.26
,TG6050 310*310*4.0mm 不背膠,31001-0040301,1.4400000000000004
,TG6050 310*310*4.5mm 不背膠,31001-0040601,1.6199999999999992
,TG6050 310*310*5.0mm 不背膠,31001-0217901,1.799999999999998
,TG6050 310*310*5.5mm 不背膠,31001-0040701,1.98
,TG6050 310*310*6.0mm 不背膠,31001-0040801,2.1599999999999984
,TG6050 330*330*1.3mm 不背膠,31001-0040901,0.5
,TG6050 330*330*2.3mm 不背膠,31001-0220501,0.8
,TG6050 330*330*2.6mm 不背膠,31001-0218901,1
,TG6060 PUTTY 1KG,41012-0002501,1
,TG6060 PUTTY 25KG/POT,41032-0000101,25
,,41032-0000601,25
,TG6060 PUTTY 30G/POT,41012-0004001,0.03
,TG6060 PUTTY 30ml(99g)/EA,41012-0002102,0.111
,TG6060 PUTTY 30ml/EA,41012-0003701,0.111
,TG6060 PUTTY 330ml/EA,41012-0003601,0.10000000000000003
,TG6060 PUTTY 55ml/EA,41012-0003101,0.19700000000000004
,TG-A09AB 1KG 灰,41028-0000501,1.01
,TG-A1250 250*250*0.5mm 不背膠,31001-0171901,0.1799999999999998
,TG-A1250 310*310*0.25mm 不背膠,31001-0354001,0.21
,TG-A1250 310*310*0.5mm 不背膠,31001-0051201,0.26
,TG-A1250 310*310*0.8mm 不背膠,31001-0051301,0.32499999999999973
,TG-A1250 310*310*1.0mm 不背膠,31001-0051401,0.3999999999999991
,TG-A1250 310*310*1.2mm 不背膠,31001-0051501,0.48
,TG-A1250 310*310*1.3mm 不背膠,31001-0347201,0.54
,TG-A1250 310*310*1.5mm 不背膠,31001-0051601,0.6000000000000008
,TG-A1250 310*310*1.8mm 不背膠,31001-0051701,0.7200000000000003
,TG-A1250 310*310*2.0mm 不背膠,31001-0051801,0.8049999999999998
,TG-A1250 310*310*2.5mm 不背膠,31001-0213601,1.0100000000000002
,TG-A1250 310*310*3.0mm 不背膠,31001-0052101,1.2100000000000004
,TG-A1250 310*310*3.2mm 不背膠,31001-0052201,1.3
,TG-A1250 310*310*3.5mm 不背膠,31001-0052301,1.41
,TG-A1250 310*310*4.0mm 不背膠,31001-0052401,1.6200000000000003
,TG-A1250 310*310*5.0mm 不背膠,31001-0052601,2.020000000000001
,TG-A1250 310*310*5.5mm 不背膠,31001-0052701,2.23
,TG-A1250 310*310*6.0mm 不背膠,31001-0052801,2.4499999999999997
,TG-A1250 310*310*6.5mm 不背膠,31001-0052901,2.63
,TG-A1250 310*310*7.0mm 不背膠,31001-0053001,2.8699999999999997
,TG-A1250 310*310*8.0mm 不背膠,31001-0053201,3.26
,TG-A1250 330*330*0.5mm 不背膠,31001-0291301,0.26
,TG-A1250 330*330*2.0mm 不背膠,31001-0334401,0.805
,TG-A1250LC 270*270*0.5mm 不背膠,31001-0161001,0.27
,TG-A1250LC 270*270*1.0mm 不背膠,31001-0161101,0.39999999999999997
,TG-A1250LC 270*270*1.2mm 不背膠,31001-0234901,0.45
,TG-A1250LC 270*270*1.5mm 不背膠,31001-0231901,0.562
,TG-A1250LC 270*270*2.0mm 不背膠,31001-0318901,0.75
,TG-A1450 250*250*0.5mm 不背膠,31001-0118401,0.17999999999999985
,TG-A1450 310*310*0.8mm 不背膠,31001-0053401,0.355
,TG-A1450 310*310*1.0mm 不背膠,31001-0053501,0.42500000000000027
,TG-A1450 310*310*1.5mm 不背膠,31001-0053701,0.6370000000000003
,TG-A1450 310*310*2.0mm 不背膠,31001-0053901,0.8500000000000002
,TG-A1450 310*310*2.2mm 不背膠,31001-0362201,0.91
,TG-A1450 310*310*2.5mm 不背膠,31001-0231201,1.062
,TG-A1450 310*310*3.0mm 不背膠,31001-0153801,1.275
,TG-A1450 310*310*3.5mm 不背膠,31001-0352701,1.487
,TG-A1450 310*310*4.5mm 不背膠,31001-0346501,1.912
,TG-A1450 310*310*5.5mm 不背膠,31001-0360001,2.337
,TG-A1450 310*310*6.0mm 不背膠,31001-0358201,2.55
,TG-A1660 250*250*0.5mm 不背膠,31001-0175001,0.19000000000000006
,TG-A1660 310*310*0.8mm 不背膠,31001-0054101,0.36
,TG-A1660 310*310*1.0mm 不背膠,31001-0054201,0.44999999999999973
,TG-A1660 310*310*1.5mm 不背膠,31001-0054401,0.6749999999999999
,TG-A1660 310*310*1.8mm 不背膠,31001-0054501,0.8000000000000002
,TG-A1660 310*310*2.0mm 不背膠,31001-0054601,0.9000000000000001
,TG-A1660 310*310*2.2mm 不背膠,31001-0359401,1
,TG-A1660 310*310*2.5mm 不背膠,31001-0078101,1.125
,TG-A1660 310*310*3.0mm 不背膠,31001-0246601,1.35
,TG-A1660 310*310*3.2mm 不背膠,31001-0078201,1.43
,TG-A1780 250*250*0.5mm 不背膠,31001-0307201,0.17999999999999988
,TG-A1780 310*310*0.8mm 不背膠,31001-0293901,0.32
,TG-A1780 310*310*1.0mm 不背膠,31001-0294001,0.4000000000000002
,TG-A1780 310*310*1.5mm 不背膠,31001-0294201,0.5999999999999999
,TG-A1780 310*310*2.0mm 不背膠,31001-0294401,0.7999999999999999
,TG-A1780 310*310*3.0mm 不背膠,31001-0294601,1.2
,TG-A1780 310*310*4.0mm 不背膠,31001-0294701,1.6
,TG-A1780 310*310*4.5mm 不背膠,31001-0346401,1.8
,TG-A1780 310*310*5.0mm 不背膠,31001-0294801,2
,TG-A1780 E595 250*250*0.5mm 不背膠,31001-0140701,0.18
,TG-A1780 E595 310*310*1.0mm 不背膠,31001-0140801,0.4
,TG-A20KF 310*310*0.8mm 不背膠,31001-0332301,0.19999999999999998
,TG-A20KF 310*310*1.0mm 不背膠,31001-0332601,0.258
,TG-A20KF 310*310*1.2mm 不背膠,31001-0332701,0.3099999999999999
,TG-A20KF 310*310*1.5mm 不背膠,31001-0320101,0.40000000000000013
,TG-A20KF 310*310*2.0mm 不背膠,31001-0333001,0.535
,TG-A20KF 310*310*2.5mm 不背膠,31001-0333101,0.6899999999999998
,TG-A20KF 310*310*3.0mm 不背膠,31001-0333201,0.774
,TG-A20KF 310*310*3.5mm 不背膠,31001-0333301,0.903
,TG-A20KF 310*310*4.0mm 不背膠,31001-0333401,1.032
,TG-A20KF 310*310*5.0mm 不背膠,31001-0333601,1.41
,TG-A20KX 310*310*0.5mm 不背膠,31001-0316301,0.145
,TG-A20KX 310*310*1.0mm 不背膠,31001-0316501,0.2850000000000001
,TG-A20KX 310*310*1.2mm 不背膠,31001-0316601,0.342
,TG-A20KX 310*310*1.5mm 不背膠,31001-0316701,0.4249999999999999
,TG-A20KX 310*310*10.0mm 不背膠,31001-0318401,2.9
,TG-A20KX 310*310*2.0mm 不背膠,31001-0316901,0.5600000000000002
,TG-A20KX 310*310*2.5mm 不背膠,31001-0317001,0.7119999999999999
,TG-A20KX 310*310*3.0mm 不背膠,31001-0317101,0.8500000000000005
,TG-A20KX 310*310*3.5mm 不背膠,31001-0317201,1
,TG-A20KX 310*310*4.0mm 不背膠,31001-0317301,1.1400000000000001
,TG-A20KX 310*310*4.5mm 不背膠,31001-0317401,1.282
,TG-A20KX 310*310*5.0mm 不背膠,31001-0317501,1.44
,TG-A20KX 310*310*6.0mm 不背膠,31001-0317701,1.72
,TG-A20KX 310*310*6.5mm 不背膠,31001-0317801,1.852
,TG-A20KX 310*310*7.0mm 不背膠,31001-0317901,1.995
,TG-A20KX 310*310*7.5mm 不背膠,31001-0318001,2.17
,TG-A20KX 310*310*8.0mm 不背膠,31001-0318101,2.32
,TG-A3500 310*310*0.5mm 不背膠,31001-0268601,0.16999999999999996
,TG-A3500 310*310*0.8mm 不背膠,31001-0268701,0.2720000000000002
,TG-A3500 310*310*1.0mm 不背膠,31001-0209101,0.3399999999999999
,TG-A3500 310*310*1.2mm 不背膠,31001-0209201,0.4080000000000001
,TG-A3500 310*310*1.5mm 不背膠,31001-0096601,0.5100000000000006
,TG-A3500 310*310*1.8mm 不背膠,31001-0270301,0.612
,TG-A3500 310*310*10.0mm 不背膠,31001-0077501,3
,TG-A3500 310*310*12.0mm 不背膠,31001-0330901,3.6
,TG-A3500 310*310*2.0mm 不背膠,31001-0275301,0.6800000000000002
,TG-A3500 310*310*2.2mm 不背膠,31001-0362001,0.6
,TG-A3500 310*310*2.5mm 不背膠,31001-0275401,0.8500000000000009
,TG-A3500 310*310*2.8mm 不背膠,31001-0057601,0.8
,TG-A3500 310*310*3.0mm 不背膠,31001-0057701,0.9000000000000002
,TG-A3500 310*310*3.5mm 不背膠,31001-0057901,1.0499999999999992
,TG-A3500 310*310*4.0mm 不背膠,31001-0058001,1.2000000000000017
,TG-A3500 310*310*4.5mm 不背膠,31001-0058101,1.350000000000001
,TG-A3500 310*310*5.0mm 不背膠,31001-0058201,1.5
,TG-A3500 310*310*5.5mm 不背膠,31001-0058301,1.649999999999999
,TG-A3500 310*310*6.0mm 不背膠,31001-0058401,1.799999999999999
,TG-A3500 310*310*6.5mm 不背膠,31001-0058501,1.9500000000000004
,TG-A3500 310*310*7.0mm 不背膠,31001-0058601,2.1000000000000005
,TG-A3500 310*310*7.5mm 不背膠,31001-0058701,2.25
,TG-A3500 310*310*8.0mm 不背膠,31001-0058801,2.4000000000000012
,TG-A3500 310*310*8.5mm 不背膠,31001-0262901,2.55
,TG-A3500 310*310*9.0mm 不背膠,31001-0213801,2.6999999999999997
,TG-A3500 330*330*3.0mm 不背膠,31001-0349001,0.9
,TG-A3500 620*310*1.0mm 不背膠,31001-0307701,0.6799999999999999
,TG-A3500F 310*310*0.5mm 不背膠,31001-0059501,0.123
,TG-A3500F 310*310*0.8mm 不背膠,31001-0059601,0.2389999999999999
,TG-A3500F 310*310*1.0mm 不背膠,31001-0059301,0.31600000000000006
,TG-A3500F 310*310*1.2mm 不背膠,31001-0059701,0.3930000000000001
,TG-A3500F 310*310*1.5mm 不背膠,31001-0059401,0.5090000000000002
,TG-A3500F 310*310*2.0mm 不背膠,31001-0059901,0.5399999999999997
,TG-A3500F 310*310*2.5mm 不背膠,31001-0060101,0.6500000000000001
,TG-A3500F 310*310*3.0mm 不背膠,31001-0060301,0.8400000000000001
,TG-A3500F 310*310*3.5mm 不背膠,31001-0060501,0.98
,TG-A3500F 310*310*4.0mm 不背膠,31001-0060601,1.04
,TG-A3500F 310*310*4.5mm 不背膠,31001-0060701,1.17
,TG-A3500F 310*310*5.0mm 不背膠,31001-0060801,1.4200000000000008
,TG-A3500F 310*310*6.0mm 不背膠,31001-0061001,1.71
,TG-A3500F 310*310*7.0mm 不背膠,31001-0061201,2.02
,TG-A3500F 310*310*7.5mm 不背膠,31001-0061301,2.1700000000000004
,TG-A3500F 310*310*8.0mm 不背膠,31001-0061401,2.28
,TG-A3500F 620*310*1.0mm 不背膠,31001-0352501,0.594
,TG-A3500GLC 540*270*0.5mm 不背膠,31001-0278701,0.306
,TG-A3500GLC 540*270*1.0mm 不背膠,31001-0278301,0.612
,TG-A3500GLC 540*270*1.5mm 不背膠,31001-0278101,0.9179999999999995
,TG-A3500GLC 540*270*2.0mm 不背膠,31001-0280401,1.2239999999999993
,TG-A35KX 310*310*0.5mm 不背膠,31001-0272901,0.157
,TG-A35KX 310*310*0.8mm 不背膠,31001-0353301,0.252
,TG-A35KX 310*310*1.0mm 不背膠,31001-0273001,0.315
,TG-A35KX 310*310*1.5mm 不背膠,31001-0273101,0.48000000000000004
,TG-A35KX 310*310*2.0mm 不背膠,31001-0275901,0.64
,TG-A35KX 310*310*3.0mm 不背膠,31001-0077601,0.945
,TG-A35KX 310*310*3.5mm 不背膠,31001-0207201,1.102
,TG-A35KX 310*310*4.0mm 不背膠,31001-0152201,1.26
,TG-A35KX 310*310*5.5mm 不背膠,31001-0348901,1.732
,TG-A35KX 310*310*6.0mm 不背膠,31001-0139701,1.8900000000000001
,TG-A35KX 310*310*7.5mm 不背膠,31001-0358301,2.362
,TG-A35KX 310*310*9.0mm 不背膠,31001-0113301,2.835
,TG-A35KX 620*310*2.0mm 不背膠,31001-0352801,0.64
,TG-A38KX 310*310*0.5mm 不背膠,31001-0332501,0.165
,TG-A38KX 310*310*0.8mm 不背膠,31001-0334601,0.256
,TG-A38KX 310*310*1.0mm 不背膠,31001-0334701,0.32000000000000006
,TG-A38KX 310*310*1.5mm 不背膠,31001-0334901,0.48
,TG-A38KX 310*310*1.8mm 不背膠,31001-0335001,0.5999999999999999
,TG-A38KX 310*310*2.0mm 不背膠,31001-0335101,0.64
,TG-A38KX 310*310*2.5mm 不背膠,31001-0335201,0.8
,TG-A38KX 310*310*3.0mm 不背膠,31001-0335301,0.9600000000000005
,TG-A38KX 310*310*3.5mm 不背膠,31001-0335401,1.12
,TG-A38KX 310*310*4.5mm 不背膠,31001-0335601,1.44
,TG-A38KX 310*310*5.0mm 不背膠,31001-0335701,1.5999999999999999
,TG-A38KX 310*310*6.0mm 不背膠,31001-0335901,1.92
,TG-A38KX 310*310*6.5mm 不背膠,31001-0347301,2.08
,TG-A38KX 310*310*7.0mm 不背膠,31001-0347401,2.240000000000001
,TG-A38KXP 310*310*0.5mm 不背膠,31001-0125101,0.18
,TG-A38KXP 310*310*1.0mm 不背膠,31001-0126801,0.36
,TG-A38KXP 310*310*2.0mm 不背膠,31001-0130401,1
,TG-A38KXP 310*310*3.0mm 不背膠,31001-0130701,1.079999999999999
,TG-A38KXP 310*310*3.2mm 不背膠,31001-0131001,1.0999999999999992
,TG-A38KXP 310*310*3.5mm 不背膠,31001-0131201,1.25
,TG-A38KXP 310*310*3.8mm 不背膠,31001-0340401,1
,TG-A38KXP 310*310*4.0mm 不背膠,31001-0135801,1.4400000000000004
,TG-A38KXP 310*310*5.0mm 不背膠,31001-0136901,1.7899999999999994
,TG-A4500 310*310*0.5mm 不背膠,31001-0061501,0.1799999999999999
,TG-A4500 310*310*0.8mm 不背膠,31001-0061601,0.288
,TG-A4500 310*310*1.0mm 不背膠,31001-0061701,0.35999999999999965
,TG-A4500 310*310*1.2mm 不背膠,31001-0061801,0.4320000000000003
,TG-A4500 310*310*1.5mm 不背膠,31001-0061901,0.5399999999999995
,TG-A4500 310*310*1.8mm 不背膠,31001-0062001,0.648
,TG-A4500 310*310*10.0mm 不背膠,31001-0307501,2.4
,TG-A4500 310*310*2.0mm 不背膠,31001-0213901,0.7199999999999995
,TG-A4500 310*310*2.2mm 不背膠,31001-0062101,0.792
,TG-A4500 310*310*2.5mm 不背膠,31001-0062201,0.8999999999999994
,TG-A4500 310*310*3.0mm 不背膠,31001-0062401,1.0799999999999992
,TG-A4500 310*310*3.5mm 不背膠,31001-0062601,0.84
,TG-A4500 310*310*4.0mm 不背膠,31001-0062701,0.9600000000000006
,TG-A4500 310*310*4.5mm 不背膠,31001-0062801,1.08
,TG-A4500 310*310*5.0mm 不背膠,31001-0062901,1.1999999999999997
,TG-A4500 310*310*5.5mm 不背膠,31001-0063001,1.32
,TG-A4500 310*310*6.0mm 不背膠,31001-0063101,1.442727272727273
,TG-A4500 310*310*6.5mm 不背膠,31001-0063201,1.56
,TG-A4500 310*310*7.0mm 不背膠,31001-0063301,1.6800000000000002
,TG-A4500 310*310*7.5mm 不背膠,31001-0063401,1.8
,TG-A4500 310*310*8.0mm 不背膠,31001-0077801,1.920000000000001
,TG-A4500 310*310*8.5mm 不背膠,31001-0263001,2.04
,TG-A4500 310*310*9.0mm 不背膠,31001-0307401,2.16
,TG-A4500 330*330*1.0mm 不背膠,31001-0340201,0.36
,TG-A4500F 310*310*0.5mm 不背膠,31001-0063501,0.123
,TG-A4500F 310*310*0.8mm 不背膠,31001-0063601,0.192
,TG-A4500F 310*310*1.0mm 不背膠,31001-0063701,0.31599999999999995
,TG-A4500F 310*310*1.2mm 不背膠,31001-0063801,0.3929999999999999
,TG-A4500F 310*310*1.5mm 不背膠,31001-0063901,0.5090000000000002
,TG-A4500F 310*310*2.0mm 不背膠,31001-0064101,0.6189999999999999
,TG-A4500F 310*310*2.5mm 不背膠,31001-0064301,0.5999999999999999
,TG-A4500F 310*310*3.0mm 不背膠,31001-0064501,0.7199999999999999
,TG-A4500F 310*310*4.0mm 不背膠,31001-0064801,0.96
,TG-A4500F 310*310*5.0mm 不背膠,31001-0065001,1.1999999999999997
,TG-A4500F 310*310*7.0mm 不背膠,31001-0065401,1.68
,TG-A6200 310*310*0.3mm 不背膠,31001-0336101,0.15
,TG-A6200 310*310*0.5mm 不背膠,31001-0272201,0.17999999999999983
,TG-A6200 310*310*0.8mm 不背膠,31001-0272401,0.2880000000000001
,TG-A6200 310*310*1.0mm 不背膠,31001-0272501,0.35999999999999965
,TG-A6200 310*310*1.2mm 不背膠,31001-0272601,0.4320000000000003
,TG-A6200 310*310*1.5mm 不背膠,31001-0272701,0.54
,TG-A6200 310*310*1.8mm 不背膠,31001-0272801,0.65
,TG-A6200 310*310*10.0mm 不背膠,31001-0292501,3.6
,TG-A6200 310*310*2.0mm 不背膠,31001-0275701,0.7199999999999993
,TG-A6200 310*310*2.2mm 不背膠,31001-0277801,0.7999999999999998
,TG-A6200 310*310*2.5mm 不背膠,31001-0275801,0.8999999999999992
,TG-A6200 310*310*2.8mm 不背膠,31001-0067701,1
,TG-A6200 310*310*3.0mm 不背膠,31001-0078301,1.0799999999999987
,TG-A6200 310*310*3.2mm 不背膠,31001-0067801,1.1499999999999992
,TG-A6200 310*310*3.5mm 不背膠,31001-0067901,1.2599999999999998
,TG-A6200 310*310*4.0mm 不背膠,31001-0068001,1.439999999999999
,TG-A6200 310*310*4.5mm 不背膠,31001-0068101,1.6200000000000008
,TG-A6200 310*310*5.0mm 不背膠,31001-0068201,1.7999999999999983
,TG-A6200 310*310*5.5mm 不背膠,31001-0068301,1.9799999999999998
,TG-A6200 310*310*6.0mm 不背膠,31001-0068401,2.1600000000000006
,TG-A6200 310*310*6.5mm 不背膠,31001-0068501,2.34
,TG-A6200 310*310*7.0mm 不背膠,31001-0068601,2.52
,TG-A6200 310*310*8.0mm 不背膠,31001-0068801,2.88
,TG-A6200 330*330*0.5mm 不背膠,31001-0066801,0.17999999999999997
,TG-A6200 330*330*1.0mm 不背膠,31001-0067001,0.36
,TG-A6200F 310*310*0.5mm 不背膠,31001-0068901,0.12000000000000008
,TG-A6200F 310*310*0.8mm 不背膠,31001-0078501,0.19199999999999998
,TG-A6200F 310*310*1.0mm 不背膠,31001-0069001,0.31
,TG-A6200F 310*310*1.2mm 不背膠,31001-0069101,0.37200000000000005
,TG-A6200F 310*310*1.5mm 不背膠,31001-0069201,0.465
,TG-A6200F 310*310*2.0mm 不背膠,31001-0069401,0.62
,,31001-0209301,0.62
,TG-A6200F 310*310*2.5mm 不背膠,31001-0069601,0.775
,TG-A6200F 310*310*3.0mm 不背膠,31001-0069801,0.93
,,31001-0175501,0.93
,TG-A6200F 310*310*3.5mm 不背膠,31001-0070001,1.085
,TG-A6200F 310*310*4.0mm 不背膠,31001-0070101,1.24
,TG-A6200F 310*310*5.0mm 不背膠,31001-0070301,1.5500000000000005
,TG-A6200F 310*310*5.5mm 不背膠,31001-0070401,1.705
,TG-A6200F 310*310*6.0mm 不背膠,31001-0070501,1.86
,TG-A6200F-Gray 310*310*1.0mm 不背膠,31001-0357701,0.31
,TG-A6200F-Gray 310*310*4.0mm 不背膠,31001-0360101,1.24
,TG-A6200-Gray 310*310*1.0mm 不背膠,31001-0361201,0.36
,TG-A6200-Gray 310*310*1.5mm 不背膠,31001-0361301,0.54
,TG-A6200LC 270*270*0.5mm 不背膠,31001-0137201,0.10099999999999999
,TG-A6200LC 270*270*0.8mm 不背膠,31001-0137501,0.209
,TG-A6200LC 270*270*1.0mm 不背膠,31001-0137601,0.281
,TG-A6200LC 270*270*1.2mm 不背膠,31001-0137701,0.353
,TG-A6200LC 270*270*1.5mm 不背膠,31001-0137901,0.4610000000000001
,TG-A6200LC 270*270*1.8mm 不背膠,31001-0138401,0.569
,TG-A6200LC 270*270*2.0mm 不背膠,31001-0138501,0.641
,TG-A6200LC 270*270*2.5mm 不背膠,31001-0139801,0.8209999999999998
,TG-A6200LC 330*270*3.0mm 不背膠,31001-0146101,0.9
,TG-A7000 PUTTY 1KG/POT,41032-0000201,1
,TG-A7000 PUTTY 30G/POT,41032-0000301,0.030000000000000023
,TG-A7000 PUTTY 30ml/EA,41032-0001801,0.11099999999999996
,TG-A7000 PUTTY 330ml/EA,41032-0000501,0.10000000000000002
,TG-A7000 PUTTY 55ml/EA,41032-0000401,0.19699999999999948
,TG-A9000 310*310*0.5mm 不背膠,31001-0309401,0.17999999999999997
,TG-A9000 310*310*0.8mm 不背膠,31001-0309601,0.308
,TG-A9000 310*310*1.0mm 不背膠,31001-0293501,0.38499999999999984
,TG-A9000 310*310*1.2mm 不背膠,31001-0234801,0.462
,TG-A9000 310*310*1.5mm 不背膠,31001-0077001,0.577
,TG-A9000 310*310*1.8mm 不背膠,31001-0235101,0.693
,TG-A9000 310*310*2.0mm 不背膠,31001-0136401,0.7699999999999997
,TG-A9000 310*310*2.2mm 不背膠,31001-0308601,0.85
,TG-A9000 310*310*2.5mm 不背膠,31001-0106301,0.962
,TG-A9000 310*310*3.0mm 不背膠,31001-0105501,1.1549999999999998
,TG-A9000 310*310*3.5mm 不背膠,31001-0319301,1.347
,TG-A9000 310*310*4.0mm 不背膠,31001-0309001,1.54
,TG-A9000 310*310*4.5mm 不背膠,31001-0231801,1.732
,TG-A9000 310*310*5.0mm 不背膠,31001-0106001,1.9250000000000003
,TG-A9000 310*310*7.0mm 不背膠,31001-0234501,2.695
,TG-A9000 310*310*8.0mm 不背膠,31001-0320901,3.08
,TG-AD65 250*250*0.5mm 不背膠,31001-0351001,0.12
,TG-AD65 310*310*1.0mm 不背膠,31001-0343601,0.39000000000000007
,TG-AD65 310*310*1.5mm 不背膠,31001-0345901,0.585
,TG-AD65 310*310*2.0mm 不背膠,31001-0346001,0.7800000000000001
,TG-AD65 310*310*2.5mm 不背膠,31001-0351101,0.975
,TG-AD65 310*310*3.0mm 不背膠,31001-0343701,1.17
,TG-AD65 310*310*3.5mm 不背膠,31001-0351201,1.365
,TG-AD65 310*310*4.0mm 不背膠,31001-0351301,1.5599999999999998
,TG-AD65 310*310*4.5mm 不背膠,31001-0351401,1.755
,TG-AD65 310*310*5.0mm 不背膠,31001-0343801,1.95
,TG-AD65 310*310*6.0mm 不背膠,31001-0351601,2.34
,TG-AD75 250*250*0.5mm 不背膠,31001-0342401,0.155
,TG-AD75 310*310*1.0mm 不背膠,31001-0342501,0.39999999999999997
,TG-AD75 310*310*1.5mm 不背膠,31001-0342601,0.6
,TG-AD75 310*310*2.0mm 不背膠,31001-0342701,0.8
,TG-AD75 310*310*2.5mm 不背膠,31001-0342801,1
,TG-AD75 310*310*3.0mm 不背膠,31001-0342901,1.2
,TG-AD75 310*310*4.0mm 不背膠,31001-0343101,1.6
,TG-AD75 310*310*5.0mm 不背膠,31001-0343301,2
,TG-AD75-T 310*310*1.0mm 不背膠,31001-0340901,0.4
,TG-AD75-T 310*310*1.5mm 不背膠,31001-0341001,0.555
,TG-AD75-T 310*310*2.0mm 不背膠,31001-0340601,0.74
,TG-AH25 170*170*0.8mm 不背膠,31001-0309701,0.082
,TG-AH25 170*170*1.0mm 不背膠,31001-0308401,0.164
,TG-N4000 PUTTY 1KG/POT,41032-0002401,1
,TG-N4000 PUTTY 30G/POT,41032-0002801,0.03
,TG-N4000 PUTTY 30ml/EA,41032-0002701,0.11000000000000004
,TG-N4000 PUTTY 330ml/EA,41032-0002501,0.93
,TG-N4000 PUTTY 55ml/EA,41032-0002601,0.16999999999999998
,TG-N8000 PUTTY 1KG/POT,41032-0001901,1
,TG-N8000 PUTTY 30G/POT,41032-0002001,0.03000000000000002
,TG-N8000 PUTTY 30ml/EA,41032-0002101,0.11500000000000007
,TG-N8000 PUTTY 330ml/EA,41032-0002301,0.96
,TG-N8000 PUTTY 55ml/EA,41032-0002201,0.18000000000000005
,TG-N909 1KG/罐,41008-0000101,1
,TG-N909 30G/罐,41008-0000201,0.030000000000000023
,,41008-0000401,0.030000000000000006
,TG-NSP25 1KG,41013-0000401,1
,TG-S09AB 1KG 灰,41028-0000101,1
,TG-S09AB 50ml,41028-0000601,0.12
,TG-S808 1KG/罐,41007-0001601,1
,TG-S808 30G/罐,41007-0004901,0.029999999999999964
,TG-S808 30ml/EA,41007-0008001,0.10000000000000005
,TG-S808 330ml/EA,41007-0008201,0.89
,TG-S808 55ml/EA,41007-0007601,0.17499999999999993
,TGX 250*250*0.5mm 不背膠,31001-0176601,0.1600000000000001
,TGX 310*310*0.8mm 不背膠,31001-0221101,0.256
,TGX 310*310*1.0mm 不背膠,31001-0220701,0.3200000000000002
,TGX 310*310*1.5mm 不背膠,31001-0220801,0.4800000000000002
,TGX 310*310*2.0mm 不背膠,31001-0220601,0.6399999999999999
,TGX 310*310*2.2mm 不背膠,31001-0221201,0.6999999999999998
,TGX 310*310*2.5mm 不背膠,31001-0221301,0.8000000000000002
,TGX 310*310*3.0mm 不背膠,31001-0220901,0.96
,TGX 310*310*4.0mm 不背膠,31001-0221701,1.28
,TGX-2 160*160*1.6mm 不背膠,31001-0347001,0.52
,塑膠罐 1Kg裝,21005-0002401,1
飛峰國際,飛碟ON LINE UPS 6KVA  FT-M60H-T,Z9999-00001,137
振儀科技,動電式振動試驗機(垂直式)VS-600V-51,Z9999-00001,600
,單臂式氣動落下試驗機VS-1080,Z9999-00001,500
格森塑膠,M.2-Thermal_module-LDPE_bag,27061-0000101,0.0012
海昌,可程式恆溫恆濕試驗機 HC-TH-478-EF,Z9999-00001,500
,迷你型冷熱衝擊試驗機校驗HC-MTS-27-CF,Z9999-00001,575
海灣電氣,2510-2p 公座 端子公頭,Z9999-00001,0.001
,FAN 35*35*10.0mm,Z9999-00001,0.013
,FAN 36*36*28.0mm,43001-0004001,0.047
,FAN 40*40*15.0mm,43001-0002901,0.026
,FAN 60*60*25.0mm,43001-0003801,0.056
,,43001-0003901,0.056
,FAN 70*70*20.0mm,43001-0003701,0.05500000000000001
,,Z9999-00001,0.055
,風扇鐵網 DIA27*4.0mm,42006-0018601,0.003
紘宸,鋼瓶單架40L,Z9999-00001,15
能司特科技,TG-19 50M*1250*0.15mm,31001-0150601,28
,TG-19B 50M*1250*0.25mm,31001-0151401,37
,TG-1B 50M*1250*0.15mm,31001-0151601,28
,TGN 50M*1250*0.18mm,31001-0156701,33
,TGPT 13M*340**0.11mm,41004-0108801,2
,TGPT 15M*1040*0.11mm,31001-0354201,6
,TGPT 50M*1040*0.11mm,31001-0157101,20
高柏一廠(大陸),L37-3F 50M*315*0.25mm 不背膠,31001-0295101,10
,L37-3F 50M*315*0.45mm 不背膠,31001-0149701,17.9
,TG-A20KF 400*300*0.5mm 不背膠,31001-0082101,0.17199999999999996
,TG-A20KF 400*300*2.0mm 不背膠,31001-0082701,0.5
,TG-A20KF 400*300*4.0mm 不背膠,31001-0083501,1
,TG-A20KX 400*300*1.5mm 不背膠,31001-0079701,0.4
,TG-A20KX 400*300*9.5mm 不背膠,31001-0081801,2.4
,TG-A38KF 400*300*0.5mm 不背膠,31001-0087701,0.21
,TG-A38KF 400*300*0.8mm 不背膠,31001-0087801,0.288
,TG-A38KF 400*300*1.0mm 不背膠,31001-0087901,0.28
,TG-A38KF 400*300*1.5mm 不背膠,31001-0088101,0.42
,TG-A38KF 400*300*2.5mm 不背膠,31001-0088501,0.8339999999999999
,TG-A38KX 400*300*0.3mm 不背膠,31001-0084801,0.3
,TG-A38KX 400*300*0.5mm 不背膠,31001-0084901,0.334
,TG-A38KX 400*300*1.0mm 不背膠,31001-0085101,0.366
,TG-A38KX 400*300*10.0mm 不背膠,31001-0087501,2.6
,TG-A38KX 400*300*2.0mm 不背膠,31001-0085501,0.5
,TG-A38KX 400*300*5.0mm 不背膠,31001-0086501,1.25
,TG-A38KX 400*300*8.5mm 不背膠,31001-0087201,2.2
,XL-25D 18.5*12*1.0mm TO-220,42001-0005301,0.0007
,XL-25D 20*14*1.0mm TO-220,42001-0005201,0.001
,XL-25D 20.5*16*1.0mm,42001-0019001,0.0011
,XL-25D 22*17*0.635mm TO-247,42001-0005401,0.0008
,XL-25D 22*17*1.0mm TO-247,42001-0005501,0.0012
,XL-25D 22*17*2.0mm,42001-0018101,0.0024
,XL-25D 25*20*0.635mm TO-3P,42001-0005801,0.001
,XL-25D 25*20*1.0mm TO-3P,42001-0005901,0.0017
,XL-25D 28*22*0.635mm TO-264,42001-0005601,0.0013
,XL-25D 28*22*1.0mm,42001-0008701,0.002
,,42001-0022601,0.002
,XL-25D 28*22*1.0mm TO-264,42001-0005701,0.002
,XL-25D 28*22*2.0mm,42001-0022501,0.0041
,,42001-0022701,0.0041
,XL-25D 30*20*1.0mm,42001-0019101,0.002
,XL-25D 37*22*1.0mm,42001-0018801,0.0027
,XL-25D 59*38*1.0mm,42001-0016901,0.0074
,XL-25D 67*47.2*0.4mm,42001-0020401,0.0042
,XL-25D 67*47.2*0.5mm,42001-0020301,0.0052
,XL-25D 67*47.2*0.635mm,42001-0020201,0.0066
,XL-25D 70*30*1.0mm,42001-0018901,0.0069
,XL-25D 76*30*0.635mm,42001-0007501,0.0048
,XL-25D DIA18*0.385mm,42001-0021001,0.0004
,XL-25W 12*12*10.0mm,42001-0009001,0.003
,XL-25W 127*73*1.0mm,42001-0019701,0.0343
,XL-25W 133*24*1.0mm,42001-0022001,0.0118
,XL-25W 144.5*144.5*0.635mm,42001-0020501,0.0491
,XL-25W 145*24*0.635mm,42001-0021401,0.0082
,XL-25W 18.5*12*0.635mm TO-220,42001-0006101,0.0006
,XL-25W 18.5*12*1.0mm TO-220,42001-0004501,0.0008
,XL-25W 20*14*0.635mm TO-220,42001-0004301,0.0007
,XL-25W 20*14*1.0mm TO-220,42001-0004401,0.001
,XL-25W 208.6*73*1.0mm,42001-0019901,0.0563
,XL-25W 22*17*0.635mm,42001-0021501,0.0011
,XL-25W 22*17*0.635mm TO-247,42001-0004601,0.0011
,XL-25W 22*17*1.0mm TO-247,42001-0004701,0.0111
,XL-25W 25*20*1.0mm TO-3P,42001-0003401,0.002
,XL-25W 262.8*73*1.0mm,42001-0019801,0.071
,XL-25W 28*22*1.0mm TO-264,42001-0004901,0.0023
,XL-25W 30*20*1.0mm,42001-0021301,0.0022
,XL-25W 32*22*0.635mm,42001-0019301,0.0017
,XL-25W 32.3*22.5*1.0mm,42001-0019401,0.0027
,XL-25W 37*25*2.0mm,42001-0014201,0.0068
,XL-25W 40*25*1.0mm,42001-0021201,0.0037
,XL-25W 43*26*1.0mm,42001-0016501,0.0041
,,42001-0016601,0.0041
,XL-25W 46.8*40.5*1.0mm,42001-0019501,0.007
,XL-25W 50.8*50.8*0.635mm,42001-0020601,0.0061
,XL-25W 50.8*50.8*1.0mm,42001-0020701,0.0095
,XL-25W 54*9*1.0mm,42001-0007301,0.0018000000000000002
,XL-25W 56*25*1.0mm,42001-0017101,0.0052
,XL-25W 56*31*1.0mm,42001-0017101,0.0052
,XL-25W 56*56*1.0mm,42001-0019601,0.0116
,XL-25W 56.5*31*1.0mm,42001-0022801,0.0065
,XL-25W 57.3*26*1.0mm,42001-0016701,0.0055
,,42001-0019201,0.0055
,XL-25W 57.4*39.6*1.0mm,42001-0017901,0.0084
,,42001-0018001,0.0084
,XL-25W 59*38*1.0mm,42001-0016801,0.0083
,XL-25W 71*29*0.8mm,42001-0017401,0.0061
,XL-25W 71*29*1.0mm,42001-0017501,0.0076
,XL-25W DIA18*0.385mm,42001-0021101,0.0005
國際電木板,固定塊1,Z9999-00001,0.29
,固定塊2,Z9999-00001,0.29
帷盛創意設計,山度-邵氏硬度計測試台(SLX-A),Z9999-00001,9
康哲,PUSH PIN,42006-0012201,0.00014
祥宇,PSA100感壓膠 500G 透明色,41001-0002501,0.5
紹福企業,DC點焊機用電極頭,Z9999-00001,0.052500000000000005
,DC點焊機用電極頭-鎢棒維修,Z9999-00001,0.075
袋袋相傳,M.2-Thermal_module-PE_bag-00,27060-0000101,0.0003
凱樂媒體資訊,2025贈品-覆膜編織袋,Z9999-00001,103
,"胚布材質環保杯袋(12安,無印刷)",Z9999-00001,16
勝雄,背膠水 15KG/桶,24001-0000101,15
博士門,博士門(2HTDP)溫溼度監控器校正,Z9999-00001,3.5
,電子防潮櫃 BR1570L(A),Z9999-00001,165
喆順企業,水槽桌,Z9999-00001,50
喜可士,Heat pipe DIA6*3.0mm,42010-0004201,0.0108
,,42010-0004401,0.0112
,Heat pipe DIA8*3.0mm,42010-0004301,0.0128
,HEATSINK 100*40*23.0mm 洗淨,42004-0007401,0.11
,HEATSINK 50*30*6.0mm 雙面陶瓷噴塗,42004-0038701,0.021
復勝精密,BHS 2U模組打樣-扣具,Z9999-00001,0.00289
,Intel Birch Stream-SP 2U-扣具,Z9999-00001,0.00289
,INTEL_BHS_AP_2U模組-扣具,Z9999-00001,0.00305
,"Intel-BHS-SP-2U-HP-扣具(EGS Anti-Tilt Assembly, LEFT)",Z9999-00001,0.00305
,"Intel-BHS-SP-2U-HP-扣具(EGS Anti-Tilt Assembly, RIGHT)",Z9999-00001,0.00305
華川,T62 320*320*0.13mm 不背膠,31001-0192501,0.02
,T62 320*320*0.25mm 不背膠,31001-0141401,0.03
,T62 320*320*0.38mm 不背膠,31001-0141501,0.045
,T62 320*320*0.5mm 不背膠,31001-0141801,0.06
,TG-P10050 100M*520*0.063mm 不背膠,31001-0025401,17
,單劑型膠槍,51007-0000201,0.27
,雙劑型膠槍,51007-0000101,0.27
進光行,國光牌特級循環機油 R46,Z9999-00001,18
開證塑膠工業,塑膠盒K-710 260*185*50.0mm,21001-0000201,0.35
順淂工業,HEATSINK 25*24.2*9.0mm 洗淨,42004-0019001,0.009
勢得科研,1000級無塵擦拭布(1000H),Z9999-00001,0.3
,Kapton polyimide 耐熱膠帶 經濟型,Z9999-00001,0.25
,KCL塑鋼日式手推車 500KG,Z9999-00001,11
,KEYWAY 6公分抽屜隔板(5入包)(P50015),Z9999-00001,0.25
,KEYWAY(K035)透明掀蓋塑膠收納箱,Z9999-00001,0.7
,LED夾桌照明放大鏡 5倍5W (防靜電款),Z9999-00001,3
,LICK多功能環保擦拭紙(L7206),Z9999-00001,2.8
,LICK單層工業用擦拭紙(L7280),Z9999-00001,4
,SCiKET 研究紀錄本 實驗記錄本(SATL0001-TL001-EA),Z9999-00001,0.45
,TRANSTONE 潔必靈 助焊器清潔 TS-205,Z9999-00001,0.5
,方扁透明塑膠盒 75*75*26.0mm,21001-0002701,0.06
,防靜電LED照明放大鏡,Z9999-00001,3.5
,砂紙 280*230mm,Z6001-00022,0.03
,焊接袖套,Z9999-00001,0.35
,無塵擦拭布,Z6001-00002,0.3
,聯府 13公分抽屜隔板(P50013),Z9999-00001,0.2
,聯府 山本收納盒(UT-31),Z9999-00001,0.9
,護目鏡(RS-80BIR3),Z9999-00001,0.15
新台塑膠,塑膠棧板 1100*1100*120mm,21002-0000101,7.98
暄翔實業,TG-T1000T 30M*350*0.11mm,31001-0106701,3.333
歆倫,免洗低溫錫膏,Z9999-00001,0.25
,錫膏,17131-0000101,0.125
,錫膏(Sn42/Bi58),17130-1300101,0.5
瑞太興業,散熱模組 264*155*150.0mm,42008-0009001,5
瑞滄,MAX 荷重試驗機專用荷重元,Z9999-00001,5
,伺服系統高精度自動荷重試驗機,Z9999-00001,55
瑞鈺,HEATSINK 215.9*150*99.0mm 洗淨,42004-0054101,3.66
,,42004-0054801,3.6599999999999993
,HEATSINK 215.9*150*99.0mm 陽極本色,42004-0053401,3.66
,WNT專案模組鋁擠散熱片cpu sink,Z9999-00001,1.82
,WNT專案模組鋁擠散熱片gpu_sink,Z9999-00001,1.25
瑞領科技,BHS模組共用風道,Z9999-00001,7
,LW-9046-4 T-type溫度量測及資料擷取裝置,Z9999-00001,8
,LW-9053-BHSAP-700 模擬熱源,Z9999-00001,5
,LW-9402 差壓量測裝置63.5 mmAq,Z9999-00001,3
,全自動風量及壓力量測儀,Z9999-00001,600
群固企業,水冷液 DOW FROST LC25,Z9999-00001,20
達勝科技,T68 100M*280*0.025mm 不背膠,31001-0225001,6.13
,T68 10M*280*0.025mm,41010-0019201,2.5
,T68 200*140*0.045mm,41010-0039701,0.08
,T68 200*140*0.05mm,41010-0039801,0.08
,T68 200M*280*0.025mm,41010-0041901,10.8
,T68 280*200*0.032mm,41010-0039601,0.08
,T68A 200*130*0.045mm,41010-0040101,0.08
,T68A 200*130*0.05mm,41010-0040201,0.08
,T68A 270*200*0.025mm,41010-0039901,0.09
,T68A 270*200*0.032mm,41010-0040001,0.09
鉑銳科技,LT-380微電腦恆溫恆濕藥品櫃,Z9999-00001,112
頎權,XL-25 10*10*2.0mm 綠色,42001-0015601,0.00039999999999999986
,XL-25 15*15*2.5mm 綠色,42001-0015701,0.0010000000000000002
,XL-25 15*15*5.0mm,42001-0022101,0.002
,XL-25 20*15*2.0mm 綠色,42001-0011701,0.0011
,XL-25 20*20*2.0mm 綠色,42001-0013601,0.0015000000000000005
,XL-25 20*20*2.5mm 綠色,42001-0011601,0.0018
,XL-25 22*22*2.5mm 綠色,42001-0012001,0.002
,XL-25 30*30*2.0mm 綠色,42001-0013501,0.003
,XL-25 30*30*2.5mm 綠色,42001-0022901,0.002
,XL-25 30*30*5.0mm 綠色,42001-0020001,0.008
,XL-25 40*40*10.0mm 綠色,42001-0015501,0.03
,XL-25 40*40*2.5mm 綠色,42001-0011501,0.007
,XL-25 40*40*3.0mm 綠色,42001-0015901,0.0085
僑泰氣體,VC樣品製作-氣體,Z9999-00001,57.5
,高氦HE,Z9999-00001,51
,高氬AR,Z9999-00001,59
,高氮,Z9999-00001,56
,高氮N2,Z9999-00001,56
,氫氣H2(工業用),Z9999-00001,373
,氬氣AR,Z9999-00001,59
,鋼瓶,Z9999-00001,15
,儲槽液態氮LN2,Z9999-00001,14000
,儲槽液態氮LN2(A),Z9999-00001,14000
,儲槽液態氮N2,Z9999-00001,14000
,儲槽業態氮LN2(A),Z9999-00001,14000
嘉瑞(印品),工商日誌-25K 平裝本(IP-5138-25),Z9999-00001,0.405
嘉興鑫輝,XL-25D 67*47.2*0.635mm,42001-0020201,0.037
,XL-25W 30*5*3.2mm,42001-0022201,0.062
,XL-25W 36.4*24.6*1.6mm,42001-0022301,0.185
,XL-25W 67*47.2*0.4mm,42001-0020801,0.023
,XL-25W 67*47.2*0.635mm,42001-0021901,0.032
漢電,自動對焦全金屬雷射雕刻機,Z9999-00001,11.23
維昊科技,"銀焊片 TO272-F (100mm, 0.05t mm)",Z9999-00001,0.5
,銀焊環,Z9999-00001,1
,銅膏,Z9999-00001,10
維豐橡膠,耐熱紗管6.3*1B*13mm,Z9999-00001,1.386
,耐熱管6*10.5mm,Z9999-00001,0.721
蓁詠,擦拭紙,Z3001-00001,4
,擦拭紙架 450*450*850mm,Z3001-00024,2.7
銀河製版印刷,致冷晶片 9*9*6.6mm,42003-0002401,0.05
銢達,量產模 8穴 TG-A5000L 10*5*0.8mm,Z4001-0330501,0.005
億信,04LMP-4 AM-BE,Z9999-00001,0.357
,04LMP-4 AM-BES,Z9999-00001,0.105
,AL plater for LED test,Z9999-00001,0.389
,BE-Holding plate Main,Z9999-00001,2.701
,BE-Holding Small Plate,Z9999-00001,0.101
,E扣組裝治具,Z9999-00001,0.076
,INTEL-BHS-AP-3DVC樣品-鋁金屬加工,Z9999-00001,0.4395
,Laser Patel,Z9999-00001,0.459
,M.2-Thermal_module-metal sheet,Z9999-00001,0.004
,支架-4ML- Tc Holder,Z9999-00001,0.866
,支架-4ML-Tx Holder,Z9999-00001,0.866
,固定準直徑,Z9999-00001,0.105
,固定準直徑520nm用04LMP-4AM,Z9999-00001,0.357
,量測儀器載板,Z9999-00001,1.039
,墊高塊,Z9999-00001,0.357
,墊高塊04LMP-4AN,Z9999-00001,0.105
慶達電熱,(TSM-003102)-測試治具加熱棒,Z9999-00001,0.014
,加熱棒(卡式電熱管),Z9999-00001,0.02266666666666667
,卡式電熱管,Z9999-00001,0.04
,卡式電熱管-300W_50L,Z9999-00001,0.027
數采科技有限公司,NI-USB-6000,Z9999-00001,0.084
,NI-USB-6001,Z9999-00001,0.105
銳騰科技,Aluminium Stiffener 12.1*12.1*0.9mm,42006-0023301,0.00036
,Aluminium Stiffener 3.6*3.2*0.9mm,42006-0023401,3e-05
,Aluminum Block 10*10*20.0mm 洗淨,42006-0012601,0.0056
叡璿國際,公母快接,Z9999-00001,0.025
,手動閥,Z9999-00001,0.1165
,氣壓缸,Z9999-00001,0.506
,過濾調壓閥,Z9999-00001,0.257
興漢塑膠,RS LOGO保護膜 350*350*0.03mm,22001-0003001,3.38
,透明保護膜 350*350*0.03mm,22001-0000901,3.38
,藍色保護膜 350*350*0.03mm,22001-0000701,3.38
聯今鋼鐵,免螺絲中型架(含頂5層W154xD62xH213cm),Z9999-00001,61.93
鍍威,化鎳3µm,Z9999-00001,0.29857142857142854
豐安鋼鐵,304不鏽鋼白鐵板(600x450x0.5mm),Z9999-00001,1.07
,HEATSINK 43*16.5*13.0mm T6鋁板,42004-0049401,0.026
,HEATSINK 43*16.5*13.4mm T6鋁板,42004-0049401,0.026
,HEATSINK 92*13.5*10.4mm T6鋁板,42004-0034501,0.035
雙儀科技,可程式直流電源供應器,Z9999-00001,14
藤田貿易,1u_vc_heating_block,Z9999-00001,0.3
,1U_VC_test_platform,Z9999-00001,0.2
寶陸,HEATSINK 70*56.5*28.0mm 洗白,42004-0037701,0.145
騰舜貿易,花崗岩平台600*450*100mm,Z9999-00001,108
,花崗岩平台腳架(附輪:2固2活煞)600*450,Z9999-00001,108
鑫研盛,空針筒 Luer slip 3CC,21005-0001001,3.5399999999999996
